variavel,importancia
alcohol,0.22481897412189064
sulphates,0.1478704628777196
citric acid,0.14606577165061782
volatile acidity,0.11189219290202523
density,0.07067680180257915
total sulfur dioxide,0.06275097410652868
fixed acidity,0.05681903706142701
pH,0.050386977204847715
chlorides,0.05020647387260777
residual sugar,0.043406080735399206
free sulfur dioxide,0.03510625366435714
