variavel,importancia
alcohol,0.23668911515710822
sulphates,0.1460132013048059
citric acid,0.13916391767972833
volatile acidity,0.10820208984731819
density,0.07075435794693896
total sulfur dioxide,0.060535779039001536
fixed acidity,0.060223710673181295
pH,0.050038310125210865
chlorides,0.04726484483712887
residual sugar,0.04269261373780861
free sulfur dioxide,0.03842205965176923
