modelo,accuracy,precision_alta,recall_alta,f1_alta,roc_auc
Random Forest,0.8777292576419214,0.55,0.6875,0.6111111111111112,0.9064086294416244
SVM,0.8165938864628821,0.4107142857142857,0.71875,0.5227272727272727,0.8696065989847714
Regressão Logística,0.7991266375545851,0.3793103448275862,0.6875,0.4888888888888889,0.8504124365482234
Baseline - Classe majoritária,0.8602620087336245,0.0,0.0,0.0,0.5
